Rank,Team,Games,ptsPg,totalpt,Scrm Plys,yds/g,yds/p,1st/G,3rd MD,3rd Att,3rd Pct,4rd MD,4rd Att,4rd Pct,Pen,Pen Yds	,ToP/G,Fum,Lost,TO
1,Kansas City Chiefs,16,25.2,403,"1,059",387.0,5.8,21.7,91,213,43,10,16,62,115,890, 32:09,23,13,+8
3,Indianapolis Colts,16,27.4,439,"1,000",362.4,5.8,22.7,91,187,49,8,13,62,94,690, 30:22,14,8,+12
5,Denver Broncos,16,24.7,395,"1,030",360.4,5.6,20.6,76,210,36,14,19,74,97,756, 32:40,19,9,+20
7,New England Patriots,16,23.7,379,"1,031",352.0,5.5,20.9,93,221,42,13,17,76,110,921, 30:19,19,9,-6
9,St. Louis Rams,16,22.7,363,"1,025",348.2,5.4,19.6,77,211,36,14,21,67,131,941, 30:26,24,13,-10
11,Washington Redskins,16,22.4,359,"1,037",330.6,5.1,18.8,97,230,42,6,11,54,108,925, 31:45,29,16,+1
13,Dallas Cowboys,16,20.3,325,"1,071",325.1,4.9,19.9,94,232,40,7,13,54,99,739, 32:34,36,14,-5
15,Jacksonville Jaguars,16,22.6,361,"1,021",321.8,5.0,18.8,93,225,41,4,10,40,121,"1,006", 31:52,27,11,+11
17,Tennessee Titans,16,18.7,299,"1,022",320.1,5.0,17.4,75,218,34,9,31,29,125,"1,002", 31:13,27,12,-6
19,Philadelphia Eagles,16,19.4,310,"1,027",319.3,5.0,17.6,72,220,33,3,12,25,134,"1,130", 28:41,34,14,-7
21,Oakland Raiders,16,18.1,290,997,309.4,5.0,18.4,85,214,40,7,14,50,147,"1,132", 28:07,26,9,-4
23,Tampa Bay Buccaneers,16,18.8,300,985,294.8,4.8,16.8,87,221,39,4,7,57,131,"1,085", 31:13,16,9,+7
25,Minnesota Vikings,16,19.1,306,945,288.3,4.9,17.8,64,196,33,4,9,44,128,"1,013", 28:46,25,14,+5
27,Detroit Lions,16,15.9,254,955,269.9,4.5,16.1,87,224,39,7,17,41,115,838, 29:34,21,12,+1
29,Chicago Bears,16,16.2,260,937,256.3,4.4,14.6,62,215,29,7,16,44,105,850, 28:52,32,13,+6
31,New York Jets,16,15,240,907,248.1,4.4,15.7,72,204,35,8,19,42,98,801, 26:47,36,19,-6
2,Seattle Seahawks,16,28.2,452,"1,020",369.7,5.8,22.6,76,192,40,7,8,88,94,846, 29:50,18,7,+10
4,New York Giants,16,26.4,422,"1,055",361.7,5.5,19.5,90,227,40,6,13,46,143,"1,115", 31:18,17,8,+12
6,Cincinnati Bengals,16,26.3,421,"1,018",358.1,5.6,21.4,84,196,43,3,10,30,110,920, 30:52,18,6,+24
8,Arizona Cardinals,16,19.4,311,"1,075",348.4,5.2,19.0,91,239,38,5,16,31,145,"1,184", 31:20,26,16,-11
10,San Diego Chargers,16,26.1,418,"1,022",347.9,5.4,21.1,88,208,42,11,17,65,110,890, 31:35,22,12,-8
12,Atlanta Falcons,16,21.9,351,"1,021",326.6,5.1,19.6,94,219,43,5,14,36,114,"1,043", 30:25,26,16,0
14,Miami Dolphins,16,19.9,318,"1,026",324.9,5.1,17.1,79,225,35,6,15,40,132,"1,055", 27:25,31,14,+1
15,Pittsburgh Steelers,16,24.3,389,960,321.8,5.4,18.6,68,192,35,5,12,42,99,876, 31:44,22,9,+7
18,Green Bay Packers,16,18.6,298,"1,051",319.9,4.9,19.9,91,221,41,9,19,47,119,918, 30:58,31,15,-24
20,New Orleans Saints,16,14.7,235,"1,017",314.4,4.9,19.5,82,211,39,2,12,17,135,"1,130", 30:32,23,19,-24
22,Carolina Panthers,16,24.4,391,964,309.4,5.1,17.4,92,218,42,2,6,33,91,732, 30:48,23,10,+16
24,Baltimore Ravens,16,16.6,265,"1,056",293.3,4.4,17.9,95,243,39,11,19,58,139,"1,067", 30:42,28,15,-10
26,Cleveland Browns,16,14.5,232,938,284.4,4.9,15.1,67,203,33,7,18,39,99,770, 27:60,27,13,-7
28,Buffalo Bills,16,16.9,271,930,257.6,4.4,16.2,74,201,37,6,16,38,120,897, 29:04,26,10,+4
30,Houston Texans,16,16.2,260,954,253.3,4.2,15.2,75,219,34,8,17,47,106,854, 28:41,30,11,-8
32,San Francisco 49ers,16,14.9,239,865,224.2,4.1,11.9,49,204,24,5,8,62,106,780, 27:37,31,14,-9
1,New Orleans Saints,16,25.8,413,"1,075",391.5,5.8,20.6,105,234,45,12,20,60,79,597, 31:53,23,10,-4
3,Indianapolis Colts,16,26.7,427,"1,011",379.4,6.0,23.5,105,187,56,0,4,0,86,718, 29:32,13,10,+7
5,Dallas Cowboys,16,26.6,425,"1,015",360.8,5.7,21.0,100,205,49,9,19,47,100,939, 31:02,21,9,+1
7,Pittsburgh Steelers,16,22.1,353,"1,041",357.8,5.5,20.4,93,217,43,10,21,48,69,611, 31:29,27,14,-8
9,Green Bay Packers,16,18.8,301,"1,085",341.1,5.0,18.8,94,240,39,7,17,41,90,689, 30:45,25,15,0
11,New England Patriots,16,24.1,385,"1,055",335.6,5.1,20.6,96,226,42,16,20,80,98,940, 31:35,27,15,+8
13,Washington Redskins,16,19.2,307,979,327.7,5.4,18.4,79,211,37,6,13,46,106,951, 30:15,20,7,-5
15,Chicago Bears,16,26.7,427,"1,042",324.9,5.0,18.8,85,231,37,9,13,69,112,923, 30:56,26,14,+8
17,Baltimore Ravens,16,22.1,353,"1,017",317.0,5.0,17.6,96,233,41,8,11,73,109,878, 32:48,21,9,+17
19,Seattle Seahawks,16,20.9,335,"1,045",311.1,4.8,19.5,85,224,38,2,8,25,94,700, 29:48,21,12,-8
21,Denver Broncos,16,19.9,319,973,309.4,5.1,17.8,78,211,37,7,13,54,67,478, 30:24,29,12,0
23,Minnesota Vikings,16,17.6,282,"1,025",308.9,4.8,17.0,77,233,33,15,21,71,123,903, 31:52,31,12,+4
25,New York Jets,16,19.8,316,"1,013",305.7,4.8,18.1,99,226,44,5,16,31,70,560, 31:03,21,9,0
27,Tennessee Titans,16,20.2,324,945,300.6,5.1,16.3,67,205,33,7,17,41,94,803, 27:23,29,7,+2
29,Tampa Bay Buccaneers,16,13.2,211,972,270.1,4.4,14.8,82,222,37,4,16,25,87,732, 28:26,27,14,-12
31,Cleveland Browns,16,14.9,238,938,264.6,4.5,15.6,70,209,34,6,15,40,74,687, 29:35,23,17,-15
2,Philadelphia Eagles,16,24.9,398,988,381.4,6.2,19.5,88,209,42,5,11,46,112,983, 28:59,26,15,+5
4,San Diego Chargers,16,30.8,492,"1,016",365.0,5.7,20.1,92,213,43,6,11,54,90,791, 31:39,19,6,+13
6,St. Louis Rams,16,22.9,367,"1,065",360.4,5.4,20.8,83,222,37,12,18,67,116,960, 31:20,20,10,+14
8,Cincinnati Bengals,16,23.3,373,994,341.4,5.5,19.6,72,201,36,6,9,67,92,717, 28:36,25,11,+7
10,Jacksonville Jaguars,16,23.2,371,989,338.9,5.5,18.3,85,217,39,7,14,50,97,806, 32:14,16,9,+1
12,Atlanta Falcons,16,18.2,292,"1,000",331.9,5.3,17.9,79,220,36,8,20,40,96,877, 30:01,18,5,+6
14,New York Giants,16,22.2,355,"1,003",325.9,5.2,19.0,77,203,38,7,15,47,101,881, 29:57,23,10,0
16,Kansas City Chiefs,16,20.7,331,"1,004",321.4,5.1,19.4,89,219,41,9,15,60,76,577, 30:30,25,14,+4
18,Arizona Cardinals,16,19.6,314,999,312.5,5.0,18.6,83,212,39,10,15,67,117,937, 29:59,31,13,+3
20,Miami Dolphins,16,16.2,260,"1,034",310.0,4.8,17.6,88,234,38,7,14,50,90,789, 30:01,19,6,+2
22,Detroit Lions,16,19.1,305,963,309.3,5.1,18.1,62,190,33,9,22,41,116,939, 27:41,26,17,-9
24,Carolina Panthers,16,16.9,270,994,307.7,5.0,17.4,65,209,31,3,9,33,103,744, 30:27,21,10,-5
26,San Francisco 49ers,16,18.6,298,918,303.8,5.3,15.2,72,209,34,6,11,54,93,818, 29:00,24,16,-5
28,Houston Texans,16,16.7,267,955,279.1,4.7,17.6,77,198,39,9,13,69,90,761, 29:21,28,12,-3
30,Buffalo Bills,16,18.8,300,898,266.9,4.8,14.6,63,199,32,5,11,46,87,629, 28:04,28,15,-5
32,Oakland Raiders,16,10.5,168,949,246.2,4.2,15.2,77,212,36,7,21,33,111,847, 28:13,32,22,-23
1,New England Patriots,16,36.8,589,"1,058",411.2,6.2,24.6,92,191,48,15,21,71,78,690, 32:31,14,6,+16
3,Dallas Cowboys,16,28.4,455,975,365.7,6.0,20.1,84,199,42,10,14,71,104,815, 30:34,21,5,+5
5,Indianapolis Colts,16,28.1,450,"1,020",358.7,5.6,22.3,100,203,49,6,10,60,67,515, 29:49,14,5,+18
7,Jacksonville Jaguars,16,25.7,411,"1,022",357.4,5.6,20.5,100,219,46,19,33,58,76,594, 32:08,18,13,+9
9,Seattle Seahawks,16,24.6,393,"1,056",348.9,5.3,20.2,75,215,35,6,14,43,59,428, 29:59,21,11,+10
11,Denver Broncos,16,20,320,976,346.3,5.7,19.1,80,198,40,7,22,32,90,610, 29:35,30,14,+1
13,Minnesota Vikings,16,22.8,365,964,336.2,5.6,18.4,69,200,34,7,13,54,86,662, 29:35,27,16,+1
15,Washington Redskins,16,20.9,334,"1,052",333.4,5.1,19.2,92,226,41,6,15,40,90,751, 31:11,35,18,-5
17,Pittsburgh Steelers,16,24.6,393,"1,000",327.4,5.2,18.6,103,220,47,7,13,54,80,651, 33:29,21,8,+3
19,Detroit Lions,16,21.6,346,965,322.9,5.4,18.9,62,190,33,4,10,40,100,676, 27:43,35,14,-1
21,Tennessee Titans,16,18.8,301,"1,037",311.7,4.8,19.1,89,217,41,2,11,18,101,773, 31:53,32,17,0
23,Atlanta Falcons,16,16.2,259,987,301.0,4.9,15.5,86,237,36,7,19,37,105,891, 28:43,18,9,+4
25,Oakland Raiders,16,17.7,283,"1,000",294.8,4.7,16.7,82,229,36,10,24,42,120,864, 31:27,42,17,-11
27,Chicago Bears,16,20.9,334,"1,035",293.2,4.5,16.6,81,238,34,7,16,44,111,839, 28:29,34,13,-1
29,Carolina Panthers,16,16.7,267,989,284.9,4.6,15.9,85,235,36,6,14,43,95,801, 28:44,25,12,+1
31,Kansas City Chiefs,16,14.1,226,"1,001",276.8,4.4,15.9,79,232,34,13,18,72,101,697, 30:02,22,13,-11
2,Green Bay Packers,16,27.2,435,985,370.7,6.0,19.2,86,202,43,5,11,46,113,"1,006", 30:19,25,9,+4
4,New Orleans Saints,16,23.7,379,"1,060",361.2,5.5,21.6,99,214,46,11,25,44,68,581, 31:09,25,12,-7
6,Philadelphia Eagles,16,21,336,"1,047",358.1,5.5,20.2,97,229,42,9,15,60,83,649, 30:56,24,12,-8
8,Cleveland Browns,16,25.1,402,"1,004",351.3,5.6,19.7,86,204,42,6,15,40,114,868, 29:31,22,9,-2
10,Cincinnati Bengals,16,23.8,380,"1,008",348.0,5.5,20.0,96,208,46,4,12,33,90,670, 29:24,20,10,+5
12,Arizona Cardinals,16,25.2,404,"1,016",344.1,5.4,19.2,75,203,37,12,14,86,137,"1,128", 30:40,27,12,-7
14,Houston Texans,16,23.7,379,968,333.6,5.5,18.4,86,193,45,11,15,73,82,636, 29:41,26,17,-13
16,New York Giants,16,23.3,373,"1,041",331.4,5.1,20.1,91,219,42,6,17,35,77,652, 31:22,26,14,-9
18,Tampa Bay Buccaneers,16,20.9,334,975,326.8,5.4,17.6,82,213,38,5,13,38,81,614, 30:27,18,12,+15
20,San Diego Chargers,16,25.8,412,980,315.2,5.1,17.4,84,214,39,6,10,60,94,761, 30:04,17,8,+24
22,Baltimore Ravens,16,17.2,275,"1,042",302.0,4.6,18.2,90,234,38,11,21,52,107,873, 31:10,35,26,-17
24,St. Louis Rams,16,16.4,263,"1,026",297.5,4.6,17.6,81,223,36,7,20,35,94,794, 30:08,25,9,-10
26,New York Jets,16,16.8,268,"1,011",294.7,4.7,17.9,85,226,38,10,21,48,63,486, 29:07,20,6,-4
28,Miami Dolphins,16,16.7,267,989,287.5,4.7,17.7,81,218,37,13,22,59,91,732, 29:27,25,13,-7
30,Buffalo Bills,16,15.8,252,919,277.1,4.8,15.5,65,195,33,8,18,44,78,633, 28:51,20,7,+9
32,San Francisco 49ers,16,13.7,219,925,237.3,4.1,13.6,69,220,31,5,17,29,97,702, 27:08,36,17,-12
1,New Orleans Saints,16,28.9,463,"1,047",410.7,6.3,22.1,97,200,48,10,18,56,86,797, 30:28,18,8,-4
3,Houston Texans,16,22.9,366,"1,019",382.1,6.0,21.2,83,197,42,14,23,61,80,664, 32:05,28,12,-10
5,New England Patriots,16,25.6,410,"1,095",365.4,5.3,22.2,96,222,43,17,22,77,57,501, 32:25,17,10,+1
7,New York Giants,16,26.7,427,"1,021",355.9,5.6,21.1,88,204,43,5,11,46,102,821, 33:19,18,3,+9
9,Philadelphia Eagles,16,26,416,"1,056",350.5,5.3,19.9,93,225,41,4,9,44,74,635, 31:24,16,10,+3
11,San Diego Chargers,16,27.4,439,924,349.0,6.0,18.8,89,194,46,8,11,73,95,748, 28:53,18,9,+4
13,Dallas Cowboys,16,22.6,362,979,344.5,5.6,18.2,91,212,43,7,12,58,119,952, 30:02,29,13,-11
15,Indianapolis Colts,16,23.6,377,969,335.5,5.5,20.1,101,201,50,11,16,69,86,619, 28:39,13,5,+9
17,Minnesota Vikings,16,23.7,379,"1,014",330.9,5.2,18.2,86,218,39,9,18,50,90,692, 31:19,31,14,-6
19,Washington Redskins,16,16.6,265,"1,026",320.0,5.0,18.4,76,216,35,10,16,62,83,644, 31:31,20,12,0
21,Tennessee Titans,16,23.4,375,973,313.6,5.2,16.8,78,216,36,5,11,46,108,855, 29:19,18,8,+14
23,San Francisco 49ers,16,21.2,339,961,311.1,5.2,17.9,75,198,38,5,11,46,98,732, 29:31,36,16,-17
25,Buffalo Bills,16,21,336,956,305.1,5.1,17.9,81,203,40,7,16,44,71,538, 30:04,33,15,-8
27,St. Louis Rams,16,14.5,232,982,287.2,4.7,15.6,69,216,32,11,23,48,97,718, 29:32,18,12,-5
29,Oakland Raiders,16,16.4,263,919,272.2,4.7,14.1,61,214,28,9,21,43,109,823, 28:31,28,12,+1
31,Cleveland Browns,16,14.5,232,921,249.1,4.3,14.6,72,212,34,6,14,43,100,669, 27:33,17,6,+5
2,Denver Broncos,16,23.1,370,"1,019",395.8,6.2,22.1,95,200,48,4,10,40,77,739, 28:44,18,12,-17
4,Arizona Cardinals,16,26.7,427,998,365.8,5.9,20.5,83,198,42,8,16,50,107,781, 30:11,27,15,0
6,Atlanta Falcons,16,24.4,391,"1,011",361.2,5.7,19.6,95,219,43,6,13,46,71,591, 31:10,18,10,-3
8,Green Bay Packers,16,26.2,419,"1,012",351.1,5.6,18.7,99,224,44,8,18,44,110,984, 31:37,25,8,+7
10,Carolina Panthers,16,25.9,414,938,349.7,6.0,17.9,78,197,40,3,8,38,94,637, 29:28,12,7,+6
12,Miami Dolphins,16,21.6,345,965,345.6,5.7,19.2,71,192,37,10,15,67,81,669, 31:03,18,6,+17
14,Tampa Bay Buccaneers,16,22.6,361,"1,045",341.0,5.2,18.6,88,229,38,10,18,56,95,834, 32:14,21,13,+4
16,New York Jets,16,25.3,405,981,331.7,5.4,19.2,81,197,41,9,16,56,77,569, 31:06,22,8,-1
18,Baltimore Ravens,16,24.1,385,"1,058",324.0,4.9,18.8,95,232,41,7,11,64,103,785, 33:22,28,9,+13
20,Jacksonville Jaguars,16,18.9,302,"1,005",319.1,5.1,19.5,87,213,41,14,24,58,104,813, 31:29,23,11,-7
22,Pittsburgh Steelers,16,21.7,347,"1,015",311.9,4.9,18.1,92,224,41,3,12,25,95,812, 31:41,28,10,+4
24,Kansas City Chiefs,16,18.2,291,957,308.7,5.2,17.1,82,214,38,7,18,39,78,645, 28:04,20,8,+5
26,Chicago Bears,16,23.4,375,991,295.9,4.8,16.5,78,219,36,6,14,43,78,610, 28:36,19,13,+5
28,Seattle Seahawks,16,18.4,294,927,274.1,4.7,16.6,62,198,31,10,12,83,79,601, 26:38,20,12,-7
30,Detroit Lions,16,16.8,268,913,268.2,4.7,14.6,59,205,29,10,20,50,88,729, 26:59,31,10,-9
32,Cincinnati Bengals,16,12.8,204,984,245.4,4.0,15.3,82,236,35,7,14,50,75,591, 29:18,27,11,-2
1,New Orleans Saints,16,31.9,510,"1,032",403.8,6.3,21.8,88,197,45,6,15,40,89,787, 31:36,25,16,+11
3,New England Patriots,16,26.7,427,"1,076",397.3,5.9,23.3,90,206,44,11,22,50,81,743, 33:05,17,9,+6
5,Minnesota Vikings,16,29.4,470,"1,054",379.6,5.8,21.4,100,223,45,8,12,67,101,757, 32:51,19,11,+6
7,Pittsburgh Steelers,16,23,368,"1,014",371.3,5.9,20.7,80,203,39,8,12,67,85,769, 32:52,21,11,-3
9,Indianapolis Colts,16,26,416,980,363.1,5.9,21.2,95,193,49,5,11,46,74,546, 27:40,11,5,+2
11,Philadelphia Eagles,16,26.8,429,975,357.9,5.9,18.1,75,207,36,6,14,43,115,951, 28:14,23,10,+15
13,Baltimore Ravens,16,24.4,391,"1,014",351.2,5.5,20.0,89,214,42,6,13,46,115,"1,094", 29:33,19,9,+10
15,Denver Broncos,16,20.4,326,"1,032",341.4,5.3,19.1,78,215,36,7,18,39,93,800, 30:12,15,10,+7
17,Miami Dolphins,16,22.5,360,"1,088",337.6,5.0,20.8,120,245,49,13,18,72,78,640, 32:01,27,10,-8
19,Carolina Panthers,16,19.7,315,"1,023",331.1,5.2,18.1,82,220,37,9,20,45,88,698, 30:13,23,11,+6
21,Seattle Seahawks,16,17.5,280,"1,045",316.8,4.9,18.6,75,225,33,8,19,42,95,840, 27:31,33,12,-8
23,Chicago Bears,16,20.4,327,971,310.3,5.1,16.4,81,217,37,7,18,39,100,836, 28:37,26,7,-6
25,Kansas City Chiefs,16,18.4,294,"1,019",303.2,4.8,16.0,62,227,27,14,29,48,84,667, 27:59,31,10,+1
27,San Francisco 49ers,16,20.6,330,939,290.8,5.0,14.9,65,218,30,12,21,57,98,758, 29:46,24,10,+9
29,St. Louis Rams,16,10.9,175,998,279.4,4.5,16.2,73,226,32,10,28,36,100,834, 29:10,24,12,-13
31,Oakland Raiders,16,12.3,197,944,266.1,4.5,14.6,63,213,30,10,21,48,117,920, 28:18,30,15,-13
2,Dallas Cowboys,16,22.6,361,"1,020",399.4,6.3,20.9,82,202,41,4,11,36,115,892, 32:17,20,10,+2
4,Houston Texans,16,24.2,388,"1,043",383.1,5.9,21.2,82,204,40,8,12,67,95,833, 31:54,21,11,-1
6,Green Bay Packers,16,28.8,461,"1,042",379.1,5.8,20.9,103,219,47,3,9,33,118,"1,057", 33:03,20,8,+24
8,New York Giants,16,25.1,402,"1,017",366.0,5.8,20.2,90,210,43,9,15,60,95,802, 31:41,30,17,-7
10,San Diego Chargers,16,28.4,454,972,360.1,5.9,20.6,83,187,44,5,10,50,78,570, 29:58,14,7,+8
12,Tennessee Titans,16,22.1,354,990,351.4,5.7,18.0,89,214,42,12,22,54,98,821, 28:42,27,16,-4
14,Arizona Cardinals,16,23.4,375,985,344.4,5.6,19.8,69,190,36,5,9,56,108,886, 29:52,32,18,-7
16,Atlanta Falcons,16,22.7,363,"1,048",340.4,5.2,20.6,91,216,42,16,23,70,78,664, 29:54,19,8,+3
18,Jacksonville Jaguars,16,18.1,290,"1,010",336.6,5.3,18.8,102,226,45,12,21,57,70,542, 30:21,26,13,+2
20,New York Jets,16,21.8,348,"1,030",321.0,5.0,17.5,86,232,37,15,20,75,88,677, 32:07,24,9,+1
22,Washington Redskins,16,16.6,266,970,312.5,5.2,17.5,86,216,40,7,22,32,85,679, 29:01,30,12,-11
24,Cincinnati Bengals,16,19.1,305,"1,011",309.1,4.9,18.4,93,229,41,10,14,71,114,863, 32:29,24,12,0
26,Detroit Lions,16,16.4,262,"1,037",299.0,4.6,17.6,84,234,36,7,26,27,98,768, 28:57,25,9,-18
28,Tampa Bay Buccaneers,16,15.2,244,961,287.5,4.8,15.4,71,218,33,9,22,41,93,696, 28:44,25,5,-5
30,Buffalo Bills,16,16.1,258,911,273.9,4.8,14.6,51,198,26,7,15,47,107,855, 28:12,24,11,+3
32,Cleveland Browns,16,15.3,245,971,260.2,4.3,14.8,76,233,33,10,15,67,77,678, 28:54,21,13,-12
1,San Diego Chargers,16,27.6,441,"1,039",395.6,6.1,22.3,92,205,45,5,13,38,84,677, 33:03,25,16,-6
3,Houston Texans,16,24.4,390,"1,029",386.6,6.0,22.5,79,192,41,9,19,47,90,690, 29:26,15,6,0
5,New York Giants,16,24.6,394,"1,035",380.3,5.9,20.7,74,206,36,3,11,27,92,777, 32:32,26,17,-3
7,Dallas Cowboys,16,24.6,394,"1,035",364.2,5.6,20.4,86,211,41,13,22,59,109,863, 31:25,28,11,0
9,Green Bay Packers,16,24.2,388,"1,000",358.1,5.7,19.5,85,205,42,5,13,38,78,617, 32:01,20,9,+10
11,New York Jets,16,22.9,367,"1,087",351.0,5.2,19.2,93,235,40,5,14,36,103,934, 32:37,23,7,+9
13,Denver Broncos,16,21.5,344,"1,018",348.9,5.5,19.3,67,207,32,6,19,32,98,944, 28:09,29,15,-9
15,Jacksonville Jaguars,16,22.1,353,"1,019",341.2,5.4,20.6,81,203,40,16,25,64,83,675, 31:48,23,12,-15
17,Detroit Lions,16,22.6,362,"1,064",338.9,5.1,19.0,97,242,40,10,16,62,136,"1,018", 29:48,20,9,+4
19,Tampa Bay Buccaneers,16,21.3,341,955,335.1,5.6,18.0,89,211,42,10,14,71,100,837, 30:49,25,13,+9
21,Miami Dolphins,16,17.1,273,"1,040",323.1,5.0,18.8,92,230,40,3,10,30,72,595, 30:54,24,10,-12
23,Minnesota Vikings,16,17.6,281,982,314.9,5.1,18.1,71,205,35,8,17,47,100,769, 30:25,20,11,-11
25,Buffalo Bills,16,17.7,283,954,304.9,5.1,16.4,80,211,38,11,24,46,82,633, 28:36,33,18,-17
27,Tennessee Titans,16,22.2,356,907,302.1,5.3,15.8,71,204,35,8,14,57,128,"1,040", 26:02,22,14,-4
29,Cleveland Browns,16,16.9,271,927,289.7,5.0,16.6,75,202,37,5,7,71,78,675, 28:21,29,11,-1
31,Arizona Cardinals,16,18.1,289,931,269.3,4.6,15.1,58,209,28,7,18,39,108,870, 26:23,33,16,-5
2,Philadelphia Eagles,16,27.4,439,"1,038",389.4,6.0,20.1,85,214,40,9,13,69,129,"1,101", 31:15,33,12,+9
4,Indianapolis Colts,16,27.2,435,"1,088",380.8,5.6,22.9,91,204,45,5,8,62,79,709, 29:55,14,8,-4
6,New Orleans Saints,16,24,384,"1,067",372.5,5.6,21.9,106,217,49,5,11,46,90,884, 32:05,23,9,-6
8,New England Patriots,16,32.4,518,986,363.8,5.9,20.9,95,197,48,7,14,50,83,766, 29:24,9,5,+28
10,Oakland Raiders,16,25.6,410,"1,039",354.6,5.5,19.1,75,220,34,8,20,40,148,"1,276", 31:12,32,10,-2
12,Kansas City Chiefs,16,22.9,366,"1,063",349.7,5.3,19.9,83,226,37,10,23,44,90,771, 31:39,15,6,+9
14,Pittsburgh Steelers,16,23.4,375,993,345.3,5.6,18.4,94,218,43,2,5,40,100,903, 32:24,22,9,+17
16,Atlanta Falcons,16,25.9,414,"1,097",341.1,5.0,22.1,112,240,47,11,15,73,58,598, 32:47,12,8,+14
18,Washington Redskins,16,18.9,302,"1,002",335.9,5.4,18.4,61,208,29,6,12,50,90,647, 28:50,29,12,-4
20,Cincinnati Bengals,16,20.1,322,"1,046",330.6,5.1,19.8,87,224,39,13,19,68,90,725, 31:14,21,14,-8
22,Baltimore Ravens,16,22.3,357,"1,018",322.9,5.1,18.9,82,210,39,4,10,40,90,673, 31:20,22,10,+7
24,San Francisco 49ers,16,19.1,305,945,313.3,5.3,15.7,68,213,32,8,16,50,112,933, 28:47,22,8,-1
26,St. Louis Rams,16,18.1,289,"1,053",302.9,4.6,18.2,78,235,33,8,15,53,102,877, 31:01,14,6,+5
28,Seattle Seahawks,16,19.4,310,964,297.8,4.9,16.2,76,214,36,6,17,35,101,890, 27:33,18,11,-9
30,Chicago Bears,16,20.9,334,936,289.4,4.9,16.4,64,195,33,2,7,29,91,768, 29:31,19,10,+4
32,Carolina Panthers,16,12.2,196,962,258.4,4.3,14.1,69,227,30,10,23,44,106,918, 27:24,31,16,-8
1,New Orleans Saints,16,34.2,547,"1,117",467.1,6.7,26.0,118,208,57,3,10,30,99,851, 31:59,6,5,-3
3,Green Bay Packers,16,35,560,988,405.1,6.6,22.1,91,189,48,4,8,50,76,591, 30:29,15,6,+24
5,Detroit Lions,16,29.6,474,"1,058",396.1,6.0,21.8,76,212,36,8,14,57,128,"1,075", 30:09,20,7,+11
7,Carolina Panthers,16,25.4,406,999,389.8,6.2,21.6,75,185,40,6,10,60,113,"1,013", 30:16,13,6,+1
9,Oakland Raiders,16,22.4,359,"1,015",379.5,6.0,20.5,71,199,36,7,13,54,163,"1,358", 29:55,16,7,-4
11,Dallas Cowboys,16,23.1,369,"1,017",375.5,5.9,20.4,78,198,39,5,10,50,114,816, 31:25,24,9,+4
13,Houston Texans,16,23.8,381,"1,046",372.1,5.7,20.1,93,224,42,3,11,27,99,852, 32:40,20,11,+7
15,Baltimore Ravens,16,23.6,378,"1,036",338.7,5.2,19.5,97,229,42,4,7,57,92,742, 30:35,24,12,+2
17,Tennessee Titans,16,20.3,325,984,335.1,5.4,17.6,80,218,37,10,14,71,104,960, 27:54,17,8,+1
19,Arizona Cardinals,16,19.5,312,993,324.5,5.2,17.9,66,205,32,9,15,60,106,"1,004", 28:43,24,9,-13
21,Tampa Bay Buccaneers,16,17.9,287,966,319.2,5.3,17.3,76,206,37,8,21,38,123,"1,007", 29:07,30,16,-16
23,Denver Broncos,16,19.3,309,"1,017",316.6,5.0,17.9,66,214,31,3,13,23,101,842, 29:43,30,17,-12
25,New York Jets,16,23.6,377,"1,030",311.8,4.8,18.8,74,213,35,4,11,36,102,849, 30:49,25,16,-3
27,Kansas City Chiefs,16,13.2,212,"1,021",310.8,4.9,17.3,81,225,36,7,17,41,110,916, 29:32,17,10,-2
29,Cleveland Browns,16,13.6,218,"1,024",288.8,4.5,17.4,92,238,39,10,18,56,95,847, 29:15,22,6,+1
31,St. Louis Rams,16,12.1,193,"1,013",283.6,4.5,16.7,64,228,28,8,23,35,112,899, 28:11,27,13,-5
2,New England Patriots,16,32.1,513,"1,082",428.0,6.3,24.9,89,194,46,7,11,64,87,815, 28:47,13,5,+17
4,Philadelphia Eagles,16,24.8,396,"1,036",399.1,6.2,22.2,85,205,42,7,15,47,107,853, 31:20,23,13,-14
6,San Diego Chargers,16,25.4,406,"1,048",393.1,6.0,22.4,103,211,49,4,11,36,91,753, 32:27,20,8,-7
8,New York Giants,16,24.6,394,"1,028",385.1,6.0,20.7,77,206,37,4,13,31,94,795, 29:30,18,8,+7
10,Atlanta Falcons,16,25.1,402,"1,073",376.6,5.6,21.8,99,224,44,4,13,31,93,769, 32:18,12,8,+8
12,Pittsburgh Steelers,16,20.3,325,"1,015",372.3,5.9,21.3,90,196,46,3,8,38,101,854, 32:33,16,13,-13
14,Buffalo Bills,16,23.2,372,992,351.5,5.7,19.6,62,191,32,9,22,41,86,743, 30:11,16,5,+1
16,Washington Redskins,16,18,288,"1,032",336.7,5.2,19.5,81,219,37,4,13,31,91,897, 30:21,25,11,-14
18,Minnesota Vikings,16,21.2,340,"1,007",329.7,5.2,18.6,83,216,38,7,18,39,109,908, 28:43,20,9,-3
20,Cincinnati Bengals,16,21.5,344,"1,015",319.9,5.0,17.8,80,219,36,4,10,40,99,874, 30:19,17,8,0
22,Miami Dolphins,16,20.6,329,990,317.4,5.1,17.9,69,207,33,6,16,38,85,779, 30:37,28,12,-6
24,Chicago Bears,16,22.1,353,978,314.1,5.1,16.9,66,203,32,2,8,25,104,800, 30:25,26,9,+2
26,San Francisco 49ers,16,23.8,380,993,310.9,5.0,17.6,65,221,29,9,14,64,113,"1,014", 32:08,14,5,+28
28,Seattle Seahawks,16,20.1,321,"1,003",303.8,4.8,16.6,77,228,34,7,15,47,138,"1,047", 28:23,22,9,+8
30,Indianapolis Colts,16,15.2,243,951,286.8,4.8,16.1,74,214,35,4,11,36,76,549, 26:13,24,15,-12
32,Jacksonville Jaguars,16,15.2,243,"1,002",259.3,4.1,15.7,81,241,34,6,17,35,77,680, 30:02,27,8,+5
1,New England Patriots,16,34.8,557,"1,191",427.9,5.7,27.8,110,226,49,8,12,67,97,840, 30:56,14,7,+25
3,Detroit Lions,16,23.2,372,"1,160",408.8,5.6,23.9,97,228,42,6,15,40,103,944, 32:05,24,16,-16
5,Washington Redskins,16,27.2,436,994,383.2,6.2,21.3,68,190,36,12,17,71,116,985, 31:12,26,6,+17
7,Houston Texans,16,26,416,"1,090",372.1,5.5,21.3,83,221,38,4,7,57,108,873, 33:46,12,4,+12
9,Tampa Bay Buccaneers,16,24.3,389,"1,008",363.8,5.8,18.8,76,212,36,7,17,41,101,819, 30:19,16,6,+3
11,San Francisco 49ers,16,24.8,397,969,361.8,6.0,20.1,68,194,35,8,12,67,109,960, 31:46,26,8,+9
13,Green Bay Packers,16,27.1,433,"1,042",359.4,5.5,21.3,90,213,42,7,13,54,103,923, 30:26,16,8,+7
15,Philadelphia Eagles,16,17.5,280,"1,079",354.1,5.3,20.8,83,222,37,14,24,58,98,813, 29:44,37,22,-24
17,Seattle Seahawks,16,25.8,412,974,350.6,5.8,19.4,80,199,40,11,18,61,110,890, 31:50,16,8,+13
19,Buffalo Bills,16,21.5,344,983,342.9,5.6,18.8,77,198,39,5,8,62,104,871, 30:11,23,17,-13
21,Pittsburgh Steelers,16,21,336,"1,023",332.8,5.2,19.2,94,224,42,6,13,46,92,938, 32:11,33,16,-10
23,St. Louis Rams,16,18.7,299,"1,002",329.0,5.3,17.9,67,209,32,13,24,54,130,978, 29:47,24,8,-1
25,Cleveland Browns,16,18.9,302,998,314.2,5.0,17.4,67,218,31,7,16,44,113,"1,005", 28:14,22,8,+3
27,Miami Dolphins,16,18,288,981,311.5,5.1,18.0,78,207,38,5,15,33,82,724, 28:60,25,13,-10
29,Jacksonville Jaguars,16,15.9,255,994,299.2,4.8,16.8,64,216,30,8,26,31,101,955, 28:03,20,9,-3
31,San Diego Chargers,16,21.9,350,988,297.2,4.8,18.3,82,217,38,6,11,54,103,796, 31:37,24,11,+2
2,New Orleans Saints,16,28.8,461,"1,067",410.9,6.2,22.0,91,207,44,8,14,57,104,911, 28:59,13,5,+2
4,Denver Broncos,16,30.1,481,"1,090",397.9,5.8,23.8,96,213,45,3,5,60,100,805, 31:16,22,14,-1
6,Dallas Cowboys,16,23.5,376,"1,049",374.6,5.7,21.1,93,212,44,8,11,73,117,853, 31:01,20,10,-13
8,Atlanta Falcons,16,26.2,419,"1,021",369.1,5.8,21.4,92,204,45,2,8,25,55,415, 30:52,9,4,+13
10,Indianapolis Colts,16,22.3,357,"1,109",362.4,5.2,22.5,98,229,43,7,8,88,94,801, 30:46,21,9,-12
12,Carolina Panthers,16,22.3,357,988,360.7,5.8,20.5,88,204,43,3,9,33,98,835, 29:51,22,10,+1
14,New York Giants,16,26.8,429,968,355.4,5.9,20.4,78,192,41,5,10,50,72,578, 29:10,13,6,+14
16,Baltimore Ravens,16,24.9,398,"1,042",352.5,5.4,19.6,80,217,37,6,14,43,121,"1,127", 28:40,14,5,+9
18,Oakland Raiders,16,18.1,290,"1,032",344.0,5.3,18.8,77,220,35,4,16,25,108,939, 29:30,22,10,-7
20,Minnesota Vikings,16,23.7,379,"1,001",336.6,5.4,19.1,78,210,37,7,11,64,90,830, 28:44,21,11,-1
22,Cincinnati Bengals,16,24.4,391,"1,016",332.7,5.2,18.2,74,217,34,11,16,69,99,857, 30:26,19,10,+4
24,Kansas City Chiefs,16,13.2,211,"1,015",319.2,5.0,17.9,70,212,33,7,15,47,92,733, 30:20,26,17,-24
26,Tennessee Titans,16,20.6,330,957,313.1,5.2,16.2,83,217,38,5,15,33,106,847, 27:41,21,12,-4
28,Chicago Bears,16,23.4,375,999,310.6,5.0,18.2,80,219,36,5,13,38,102,811, 31:48,20,8,+20
30,New York Jets,16,17.6,281,"1,034",299.2,4.6,18.7,80,217,37,7,14,50,83,708, 30:26,32,18,-14
32,Arizona Cardinals,16,15.6,250,"1,018",263.1,4.1,15.4,58,230,25,10,24,42,102,857, 29:19,25,13,-1
1,Denver Broncos,16,37.9,606,"1,156",457.3,6.3,27.2,95,205,46,8,9,89,117,"1,000", 30:31,27,16,0
3,Green Bay Packers,16,26.1,417,"1,074",400.2,6.0,21.9,89,216,41,9,13,69,86,801, 30:53,19,9,-3
5,San Diego Chargers,16,24.8,396,"1,060",393.3,5.9,23.3,101,206,49,5,6,83,95,765, 33:35,14,10,-4
7,New England Patriots,16,27.8,444,"1,138",384.5,5.4,23.6,83,221,38,7,15,47,69,625, 30:21,24,9,+9
9,Washington Redskins,16,20.9,334,"1,107",369.7,5.3,20.6,95,235,40,6,20,30,99,802, 30:53,30,15,-8
11,Houston Texans,16,17.2,276,"1,089",347.2,5.1,19.2,83,231,36,6,17,35,112,"1,138", 31:31,21,9,-20
13,Minnesota Vikings,16,24.4,391,"1,013",344.2,5.4,19.3,78,214,36,10,19,53,70,695, 28:28,23,13,-12
15,Indianapolis Colts,16,24.4,391,"1,023",341.8,5.3,19.9,80,213,38,3,10,30,66,576, 29:41,14,4,+13
17,Cleveland Browns,16,19.2,308,"1,078",339.4,5.0,18.8,83,237,35,14,31,45,104,920, 28:41,17,9,-8
19,Buffalo Bills,16,21.2,339,"1,116",338.1,4.8,18.8,83,244,34,4,14,29,110,952, 28:43,32,12,+3
21,Kansas City Chiefs,16,26.9,430,"1,029",337.2,5.2,20.2,74,213,35,4,11,36,101,774, 31:06,21,10,+18
23,Oakland Raiders,16,20.1,322,"1,000",333.8,5.3,17.2,78,223,35,7,12,58,116,912, 29:54,27,11,-9
25,New York Jets,16,18.1,290,"1,020",318.1,5.0,17.5,90,231,39,1,8,12,108,837, 30:13,15,7,-14
27,Miami Dolphins,16,19.8,317,"1,001",312.9,5.0,17.4,76,217,35,3,12,25,70,598, 28:42,16,7,-2
29,Baltimore Ravens,16,20,320,"1,090",307.4,4.5,18.4,92,253,36,6,16,38,112,942, 30:21,15,6,-5
31,Jacksonville Jaguars,16,15.4,247,"1,020",293.8,4.6,16.9,70,225,31,13,30,43,96,797, 27:22,18,6,-6
2,Philadelphia Eagles,16,27.6,442,"1,054",417.2,6.3,22.2,83,213,39,7,14,50,95,846, 26:24,19,10,+12
4,New Orleans Saints,16,25.9,414,"1,079",399.4,5.9,22.4,97,221,44,9,19,47,95,817, 32:41,12,7,0
6,Detroit Lions,16,24.7,395,"1,102",392.1,5.7,21.9,95,221,43,5,14,36,110,925, 32:22,28,15,-12
8,Chicago Bears,16,27.8,445,"1,013",381.8,6.0,21.5,83,197,42,8,13,62,85,708, 31:02,21,10,+5
10,Cincinnati Bengals,16,26.9,430,"1,097",368.2,5.4,20.6,92,225,41,12,21,57,102,"1,000", 32:50,20,10,+1
12,Arizona Cardinals,16,23.7,379,"1,037",346.4,5.3,20.6,74,210,35,5,9,56,97,744, 31:00,22,9,-1
14,Atlanta Falcons,16,22.1,353,"1,024",343.1,5.4,20.6,89,207,43,6,14,43,91,788, 30:20,17,11,-7
16,Dallas Cowboys,16,27.4,439,957,341.1,5.7,20.3,63,180,35,4,6,67,102,867, 29:02,18,8,+8
18,Seattle Seahawks,16,26.1,417,973,339.0,5.6,19.2,76,204,37,6,11,54,128,"1,183", 30:32,26,10,+20
20,Pittsburgh Steelers,16,23.7,379,"1,023",337.5,5.3,19.5,82,216,38,9,15,60,80,677, 30:53,16,10,-4
22,Tennessee Titans,16,22.6,362,"1,032",336.9,5.2,19.4,94,227,41,11,17,65,101,900, 30:17,27,9,0
24,San Francisco 49ers,16,25.4,406,961,323.8,5.4,17.9,77,211,36,7,11,64,103,845, 30:34,20,10,+12
26,Carolina Panthers,16,22.9,366,999,316.8,5.1,19.9,91,208,44,10,13,77,80,671, 31:54,12,6,+11
28,New York Giants,16,18.4,294,988,307.5,5.0,17.5,69,211,33,6,12,50,91,786, 29:16,26,15,-15
30,St. Louis Rams,16,21.8,348,968,304.8,5.0,17.6,73,212,34,6,18,33,123,"1,009", 29:05,20,10,+8
32,Tampa Bay Buccaneers,16,18,288,981,277.0,4.5,16.8,69,221,31,8,22,36,121,"1,136", 29:36,18,9,+10
1,New Orleans Saints,16,25.1,401,"1,095",411.4,6.0,24.7,98,203,48,8,15,53,80,670, 30:35,22,13,-13
3,Indianapolis Colts,16,28.6,458,"1,105",406.6,5.9,23.2,89,217,41,6,15,40,105,848, 31:54,31,15,-5
5,Philadelphia Eagles,16,29.6,474,"1,127",396.8,5.6,22.2,103,237,44,7,11,64,115,995, 26:40,25,15,-8
7,Dallas Cowboys,16,29.2,467,"1,014",383.6,6.1,21.4,95,201,47,3,6,50,105,839, 32:51,22,14,+6
9,Seattle Seahawks,16,24.6,394,"1,021",375.8,5.9,20.5,90,212,42,3,11,27,130,"1,009", 32:22,23,7,+10
11,New England Patriots,16,29.2,468,"1,073",365.5,5.5,22.6,98,221,44,7,13,54,120,"1,080", 29:37,13,4,+12
13,Washington Redskins,16,18.8,301,"1,006",358.6,5.7,19.9,62,197,32,4,16,25,120,"1,130", 30:47,31,13,-12
15,Cincinnati Bengals,16,22.8,365,"1,018",348.0,5.5,19.6,84,211,40,7,13,54,102,812, 30:32,20,9,0
17,Houston Texans,16,23.2,372,"1,062",344.6,5.2,19.6,91,235,39,10,17,59,94,834, 31:07,19,9,+12
19,Detroit Lions,16,20.1,321,"1,045",340.8,5.2,19.4,86,223,39,10,20,50,118,989, 31:41,21,8,+7
21,Chicago Bears,16,19.9,319,"1,005",327.1,5.2,20.1,78,207,38,13,28,46,113,997, 30:13,19,10,-5
23,Cleveland Browns,16,18.7,299,"1,010",324.6,5.1,18.4,61,207,30,5,14,36,116,932, 28:13,16,7,+6
25,Kansas City Chiefs,16,22.1,353,962,318.8,5.3,19.3,80,201,40,5,12,42,88,681, 29:60,22,11,-3
27,Minnesota Vikings,16,20.3,325,981,315.5,5.1,18.0,82,211,39,6,12,50,100,836, 28:52,11,2,-1
29,Tennessee Titans,16,15.9,254,919,303.7,5.3,16.1,59,196,30,6,17,35,111,961, 27:31,23,10,-10
31,Jacksonville Jaguars,16,15.6,249,988,289.6,4.7,16.9,69,216,32,7,19,37,73,573, 27:11,15,8,-6
2,Pittsburgh Steelers,16,27.2,436,"1,068",411.1,6.2,23.7,93,208,45,5,10,50,103,834, 32:24,16,11,0
4,Denver Broncos,16,30.1,482,"1,067",402.9,6.0,22.5,94,213,44,6,13,46,120,"1,045", 30:46,16,5,+5
6,Green Bay Packers,16,30.4,486,"1,001",386.1,6.2,22.2,93,197,47,4,10,40,92,775, 30:32,19,7,+14
8,Atlanta Falcons,16,23.8,381,"1,035",378.2,5.8,20.6,93,210,44,8,16,50,97,840, 29:28,16,8,+5
10,New York Giants,16,23.8,380,"1,086",367.2,5.4,21.0,101,235,43,5,16,31,101,896, 30:44,21,14,-2
12,Baltimore Ravens,16,25.6,409,"1,021",364.9,5.7,21.6,84,205,41,9,18,50,111,870, 29:40,17,8,+2
14,Miami Dolphins,16,24.2,388,"1,040",350.1,5.4,22.6,80,200,40,7,19,37,81,635, 30:08,27,11,+2
16,Carolina Panthers,16,21.2,339,"1,060",346.7,5.2,21.7,93,222,42,6,10,60,83,756, 32:17,25,11,+3
18,San Diego Chargers,16,21.8,348,"1,009",341.6,5.4,20.4,97,215,45,5,11,46,111,967, 30:58,16,5,-5
20,San Francisco 49ers,16,19.1,306,"1,009",327.4,5.2,18.9,86,213,40,10,18,56,116,937, 31:44,18,12,+7
22,New York Jets,16,17.7,283,"1,052",326.6,5.0,18.1,91,234,39,9,16,56,109,932, 31:01,25,9,-11
24,Arizona Cardinals,16,19.4,310,993,319.8,5.2,18.9,90,224,40,3,4,75,91,707, 29:48,16,5,+8
26,Buffalo Bills,16,21.4,343,"1,020",318.5,5.0,17.1,84,229,37,6,14,43,124,"1,031", 29:45,22,10,+7
28,St. Louis Rams,16,20.2,324,957,314.7,5.3,18.0,68,192,35,4,10,40,123,"1,139", 29:13,27,11,-2
30,Tampa Bay Buccaneers,16,17.3,277,936,292.0,5.0,16.4,76,203,37,4,12,33,118,939, 27:17,29,13,-8
32,Oakland Raiders,16,15.8,253,994,282.2,4.5,15.5,80,236,34,9,15,60,116,939, 28:20,28,13,-15
1,Arizona Cardinals,16,30.6,489,"1,041",408.3,6.3,23.3,93,198,47,4,9,44,94,758, 32:04,23,11,+9
3,Pittsburgh Steelers,16,26.4,423,"1,011",395.4,6.3,20.7,75,193,39,4,12,33,94,868, 29:43,16,7,+2
5,Tampa Bay Buccaneers,16,21.4,342,"1,017",375.9,5.9,21.0,84,202,42,7,13,54,143,"1,195", 29:00,26,13,-5
7,Atlanta Falcons,16,21.2,339,"1,073",374.1,5.6,22.4,107,227,47,10,19,53,100,969, 32:20,26,13,-7
9,San Diego Chargers,16,20,320,"1,100",371.8,5.4,21.5,97,231,42,5,15,33,117,942, 31:51,20,11,-4
11,Carolina Panthers,16,31.2,500,"1,060",366.9,5.5,22.3,86,203,42,6,10,60,103,887, 32:03,12,9,+20
13,Buffalo Bills,16,23.7,379,"1,016",360.9,5.7,18.6,86,227,38,7,16,44,143,"1,249", 31:18,28,10,+6
15,Cincinnati Bengals,16,26.2,419,"1,004",358.0,5.7,20.2,81,201,40,7,12,58,111,917, 31:13,18,8,+11
17,Washington Redskins,16,24.2,388,"1,011",353.8,5.6,19.8,94,216,44,7,12,58,105,827, 31:45,26,11,+5
19,Houston Texans,16,21.2,339,"1,127",347.8,4.9,20.9,96,249,39,6,19,32,107,910, 30:48,22,8,+5
21,Chicago Bears,16,20.9,335,"1,025",344.6,5.4,19.5,93,219,42,6,10,60,99,909, 31:29,20,9,-4
23,Green Bay Packers,16,23,368,"1,056",334.6,5.1,19.8,70,208,34,11,21,52,105,906, 30:08,24,9,+5
25,Cleveland Browns,16,17.4,278,"1,042",331.9,5.1,19.2,95,227,42,10,24,42,120,"1,083", 31:01,28,18,-9
27,Kansas City Chiefs,16,25.3,405,955,331.2,5.5,18.9,76,199,38,6,9,67,104,878, 30:55,16,8,+14
29,Minnesota Vikings,16,22.8,365,973,321.2,5.3,18.6,76,199,38,5,11,46,88,797, 30:34,21,8,+5
31,San Francisco 49ers,16,14.9,238,969,303.8,5.0,16.3,65,213,30,9,19,47,113,823, 26:42,21,5,-5
2,New Orleans Saints,16,25.5,408,"1,096",403.8,5.9,23.8,104,218,48,10,16,62,130,"1,112", 31:21,17,8,+2
4,Seattle Seahawks,16,26.4,423,"1,035",378.6,5.9,20.9,99,213,46,8,9,89,117,"1,007", 32:14,18,8,+7
6,New England Patriots,16,29.1,465,"1,050",374.4,5.7,21.7,88,215,41,9,15,60,96,859, 30:18,14,7,+7
8,New York Giants,16,26.2,420,"1,053",372.0,5.7,20.7,82,217,38,9,16,56,102,779, 28:29,23,7,+7
10,New York Jets,16,24.2,387,"1,074",370.3,5.5,20.6,93,229,41,6,14,43,96,787, 31:20,17,8,+6
12,Philadelphia Eagles,16,23.6,377,"1,102",364.4,5.3,21.2,91,230,40,8,16,50,104,819, 26:06,26,13,-5
14,Baltimore Ravens,16,20.5,328,"1,083",359.3,5.3,20.2,85,226,38,12,24,50,122,"1,153", 30:32,13,7,-14
16,Denver Broncos,16,22.2,355,"1,056",355.5,5.4,19.6,79,224,35,7,14,50,115,"1,063", 30:30,16,8,-4
18,Jacksonville Jaguars,16,23.5,376,"1,012",348.8,5.5,19.6,72,205,35,8,15,53,105,880, 27:52,25,10,-10
20,Detroit Lions,16,22.4,358,"1,030",346.7,5.4,21.1,75,203,37,7,14,50,104,930, 31:30,17,10,-6
22,Dallas Cowboys,16,17.2,275,969,335.1,5.5,19.2,66,191,35,8,16,50,112,879, 31:07,18,11,-22
24,Oakland Raiders,16,22.4,359,"1,008",333.5,5.3,18.8,86,220,39,5,13,38,139,"1,102", 29:34,27,10,+1
26,Miami Dolphins,16,19.4,310,977,331.7,5.4,18.2,63,205,31,8,22,36,134,"1,090", 27:22,23,7,-3
28,Indianapolis Colts,16,20.8,333,"1,052",321.4,4.9,19.4,94,235,40,7,13,54,108,931, 30:09,19,11,-5
30,Tennessee Titans,16,18.7,299,976,311.8,5.1,18.6,64,201,32,7,15,47,93,779, 29:35,25,16,-14
32,St. Louis Rams,16,17.5,280,920,297.6,5.2,15.1,52,201,26,4,13,31,122,"1,007", 28:15,22,10,+5
1,New Orleans Saints,16,29.3,469,"1,105",426.0,6.2,24.7,107,220,49,13,15,87,107,969, 30:57,17,9,-3
3,Washington Redskins,16,24.8,396,"1,009",403.4,6.4,21.6,90,199,45,7,14,50,110,909, 30:05,19,9,0
5,Dallas Cowboys,16,26.3,421,"1,010",376.7,6.0,22.4,80,189,42,8,9,89,105,879, 31:55,22,9,+5
7,Pittsburgh Steelers,16,24.9,399,"1,026",372.6,5.8,21.0,83,202,41,9,16,56,113,"1,068", 30:45,16,3,+5
9,Arizona Cardinals,16,26.1,418,"1,086",366.8,5.4,23.0,87,214,41,5,10,50,104,889, 30:53,27,11,0
11,Tennessee Titans,16,23.8,381,"1,008",358.0,5.7,20.1,100,217,46,4,11,36,110,"1,012", 30:32,17,7,0
13,Cincinnati Bengals,16,20.3,325,"1,050",356.9,5.4,21.3,82,210,39,7,9,78,88,726, 30:20,20,9,+3
15,Chicago Bears,16,17.4,279,967,356.5,5.9,20.2,70,185,38,4,14,29,110,967, 28:07,26,12,-20
17,Baltimore Ravens,16,21.4,343,"1,079",347.7,5.2,19.8,86,233,37,8,19,42,125,"1,111", 30:46,19,7,+5
19,Carolina Panthers,16,23.1,369,"1,052",343.7,5.2,19.9,83,223,37,11,17,65,98,850, 30:50,13,10,-2
21,Detroit Lions,16,21.6,346,981,338.8,5.5,20.6,83,195,43,7,10,70,100,861, 30:07,9,5,-1
23,Jacksonville Jaguars,16,19.9,318,"1,052",334.9,5.1,20.1,78,221,35,7,16,44,129,"1,178", 29:09,23,13,-16
25,New York Giants,16,19.4,310,"1,018",330.7,5.2,18.1,78,219,36,9,19,47,88,857, 28:19,22,11,-2
27,Denver Broncos,16,20.8,333,"1,020",323.1,5.1,18.1,75,219,34,9,17,53,119,985, 29:03,24,14,+2
29,Houston Texans,16,17.4,279,"1,071",314.7,4.7,19.1,87,233,37,9,23,39,87,868, 31:34,20,8,-7
31,San Francisco 49ers,16,19.3,309,996,308.1,4.9,17.9,78,222,35,10,19,53,99,831, 26:56,29,15,-5
2,Atlanta Falcons,16,33.8,540,995,415.8,6.7,23.7,75,178,42,8,14,57,104,847, 30:22,8,4,+11
4,New England Patriots,16,27.6,441,"1,056",386.2,5.9,21.9,104,227,46,8,12,67,93,819, 31:13,27,9,+12
6,Oakland Raiders,16,26,416,"1,048",373.3,5.7,20.9,83,218,38,6,13,46,147,"1,251", 31:44,17,7,+16
8,Green Bay Packers,16,27,432,"1,029",368.8,5.7,21.8,98,210,47,7,17,41,100,827, 31:14,21,9,+8
10,Indianapolis Colts,16,25.7,411,"1,037",364.4,5.6,21.9,87,202,43,8,18,44,102,883, 30:52,16,7,-5
12,Seattle Seahawks,16,22.1,354,"1,012",357.2,5.6,19.6,79,207,38,4,11,36,117,970, 30:03,22,6,+1
14,San Diego Chargers,16,25.6,410,"1,014",356.8,5.6,21.2,85,200,42,6,12,50,107,780, 30:33,22,14,-7
16,Buffalo Bills,16,24.9,399,"1,012",354.1,5.6,20.5,86,210,41,8,15,53,112,960, 29:48,15,5,+6
18,Tampa Bay Buccaneers,16,22.1,354,"1,066",346.4,5.2,21.2,94,214,44,4,9,44,109,926, 30:57,19,9,+2
20,Kansas City Chiefs,16,24.3,389,990,343.0,5.5,19.1,81,213,38,10,14,71,109,848, 30:36,18,9,+16
22,Philadelphia Eagles,16,22.9,367,"1,080",337.4,5.0,20.8,85,224,38,13,27,48,113,945, 32:31,24,6,+6
24,Miami Dolphins,16,22.7,363,912,332.8,5.8,17.4,69,188,37,0,4,0,125,"1,141", 28:60,26,8,+2
26,New York Jets,16,17.2,275,"1,003",329.2,5.3,18.2,76,210,36,8,19,42,93,837, 30:41,24,9,-20
28,Minnesota Vikings,16,20.4,327,"1,006",315.1,5.0,18.9,81,213,38,8,18,44,103,882, 30:36,20,11,+11
30,Cleveland Browns,16,16.5,264,983,311.0,5.1,18.5,77,212,36,13,18,72,95,736, 28:16,26,11,-12
32,Los Angeles Rams,16,14,224,960,262.7,4.4,15.3,67,213,32,8,20,40,126,"1,091", 29:21,24,9,-11
1,New England Patriots,16,28.6,458,"1,070",394.2,5.9,24.3,82,202,41,8,13,62,95,835, 30:37,13,4,+6
3,Pittsburgh Steelers,16,25.4,406,"1,051",377.9,5.8,21.8,92,209,44,3,8,38,101,896, 31:59,15,5,+2
5,Kansas City Chiefs,16,25.9,415,985,375.4,6.1,20.1,78,199,39,3,10,30,118,"1,044", 30:55,14,3,+15
7,Philadelphia Eagles,16,28.6,457,"1,073",365.8,5.5,21.1,96,230,42,17,26,65,116,962, 32:41,25,11,+11
9,Tampa Bay Buccaneers,16,20.9,335,"1,034",363.5,5.6,22.0,85,196,43,4,8,50,104,795, 29:43,27,13,-1
11,Minnesota Vikings,16,23.9,382,"1,055",356.9,5.4,20.9,94,216,44,1,7,14,100,949, 32:26,11,6,+5
13,Detroit Lions,16,25.6,410,980,337.8,5.5,18.5,81,209,39,1,9,11,104,968, 29:48,21,11,+10
15,Seattle Seahawks,16,22.9,366,"1,007",330.4,5.2,18.7,79,212,37,5,9,56,148,"1,342", 29:19,18,5,+8
17,Denver Broncos,16,18.1,289,"1,075",324.1,4.8,18.6,94,241,39,7,20,35,113,885, 31:28,26,12,-17
19,Carolina Panthers,16,22.7,363,"1,026",323.7,5.0,20.0,93,222,42,5,11,46,83,682, 32:17,19,6,-1
21,New York Giants,16,15.4,246,"1,036",314.2,4.9,16.9,74,227,33,8,21,38,91,895, 28:42,20,8,-3
23,Tennessee Titans,16,20.9,334,974,314.0,5.2,18.1,71,202,35,5,10,50,85,785, 30:06,10,8,-4
25,Miami Dolphins,16,17.6,281,995,307.7,4.9,17.8,64,202,32,7,24,29,137,"1,154", 29:25,23,8,-14
27,Baltimore Ravens,16,24.7,395,"1,054",305.4,4.6,19.4,76,223,34,10,16,62,91,749, 30:53,19,4,+17
29,Buffalo Bills,16,18.9,302,"1,010",302.6,4.8,17.4,101,241,42,2,15,13,98,872, 28:20,17,6,+9
31,Indianapolis Colts,16,16.4,263,994,284.6,4.6,16.7,87,228,38,8,17,47,92,779, 29:41,20,6,+5
2,New Orleans Saints,16,28,448,"1,000",391.2,6.3,20.8,73,194,38,12,15,80,105,962, 31:09,19,10,+7
4,Los Angeles Chargers,16,22.2,355,"1,020",376.6,5.9,21.1,84,209,40,5,11,46,108,927, 30:21,17,4,+12
6,Jacksonville Jaguars,16,26.1,417,"1,078",365.9,5.4,20.8,85,227,37,10,13,77,112,936, 32:19,24,10,+10
8,Atlanta Falcons,16,22.1,353,984,364.8,5.9,20.6,88,197,45,4,13,31,102,918, 29:50,17,6,-2
10,Los Angeles Rams,16,29.9,478,"1,000",361.5,5.8,19.4,88,214,41,5,12,42,107,922, 30:06,29,14,+7
12,San Francisco 49ers,16,20.7,331,"1,058",349.2,5.3,20.1,91,234,39,8,18,44,123,988, 29:16,14,8,-3
14,Dallas Cowboys,16,22.1,354,"1,005",331.9,5.3,19.6,87,203,43,10,19,53,97,939, 30:12,11,9,-1
16,Washington Redskins,16,21.4,342,982,324.9,5.3,17.4,66,204,32,9,16,56,92,732, 29:45,28,14,-4
17,Oakland Raiders,16,18.8,301,952,324.1,5.4,17.9,82,204,40,8,24,33,114,"1,009", 28:53,33,14,-14
20,Houston Texans,16,21.1,338,"1,027",320.0,5.0,19.6,76,209,36,5,10,50,124,"1,050", 30:07,25,11,-12
22,Arizona Cardinals,16,18.4,295,"1,059",314.1,4.7,19.4,82,233,35,7,16,44,110,880, 31:10,19,7,-4
24,Cleveland Browns,16,14.6,234,"1,008",308.9,4.9,18.1,73,216,34,12,23,52,110,924, 28:12,25,13,-28
26,Green Bay Packers,16,20,320,999,305.7,4.9,19.2,83,211,39,15,28,54,96,789, 29:09,14,7,-3
28,New York Jets,16,18.6,298,984,305.2,5.0,16.8,81,228,36,7,13,54,119,"1,035", 30:13,25,12,-4
30,Chicago Bears,16,16.5,264,934,287.4,4.9,16.7,71,205,35,7,18,39,115,943, 28:58,24,10,0
32,Cincinnati Bengals,16,18.1,290,927,280.5,4.8,16.7,67,199,34,5,12,42,110,"1,027", 27:18,22,11,-9
1,Kansas City Chiefs,16,35.3,565,996,425.6,6.8,24.0,83,176,47,12,15,80,137,"1,152", 29:11,18,6,+9
3,Tampa Bay Buccaneers,16,24.8,396,"1,055",415.5,6.3,24.2,86,187,46,9,13,69,117,975, 30:30,23,9,-18
5,New England Patriots,16,27.2,436,"1,073",393.4,5.9,22.8,82,201,41,7,14,50,93,744, 31:05,11,7,+10
7,Indianapolis Colts,16,27.1,433,"1,070",386.2,5.8,23.2,104,214,49,7,15,47,120,953, 30:05,17,9,+2
9,Baltimore Ravens,16,24.3,389,"1,135",374.9,5.3,22.9,104,231,45,13,22,59,116,940, 32:54,25,11,-3
11,Los Angeles Chargers,16,26.8,428,945,372.6,6.3,21.1,70,177,40,7,8,88,113,967, 30:43,17,7,+1
13,Cleveland Browns,16,22.4,359,"1,023",368.8,5.8,19.6,73,208,35,9,21,43,112,894, 29:29,19,7,+7
15,Houston Texans,16,25.1,402,"1,040",362.6,5.6,20.8,77,208,37,8,12,67,105,787, 30:46,19,7,+13
17,New York Giants,16,23.1,369,984,356.1,5.8,18.6,76,206,37,12,20,60,114,951, 28:57,16,7,+2
19,Denver Broncos,16,20.6,329,"1,015",350.1,5.5,20.0,69,207,33,15,25,60,125,985, 28:58,18,6,+7
21,Chicago Bears,16,26.3,421,"1,013",343.9,5.4,20.7,82,200,41,9,15,60,97,796, 32:22,23,10,+12
23,Oakland Raiders,16,18.1,290,995,336.2,5.4,18.8,73,197,37,7,16,44,110,965, 30:59,24,14,-7
25,Tennessee Titans,16,19.4,310,938,312.4,5.3,18.1,82,205,40,7,12,58,82,727, 29:47,18,6,-1
27,Jacksonville Jaguars,16,15.3,245,"1,005",302.0,4.8,17.3,93,230,40,8,17,47,121,"1,112", 30:14,26,16,-12
29,New York Jets,16,20.8,333,971,299.2,4.9,16.1,69,214,32,11,22,50,114,948, 29:10,24,11,-10
31,Miami Dolphins,16,19.9,319,878,289.9,5.3,15.8,56,186,30,8,13,62,108,978, 28:06,17,10,+5
2,Los Angeles Rams,16,32.9,527,"1,060",421.1,6.4,25.1,86,191,45,6,15,40,96,878, 30:42,17,7,+11
4,Pittsburgh Steelers,16,26.8,428,"1,058",403.3,6.1,23.6,88,198,44,9,14,64,111,"1,026", 31:00,21,9,-11
6,Atlanta Falcons,16,25.9,414,"1,010",389.1,6.2,22.0,92,203,45,10,19,53,101,899, 29:36,24,11,+1
8,New Orleans Saints,16,31.5,504,"1,010",379.2,6.0,23.6,82,184,45,13,16,81,94,939, 31:53,18,9,+8
10,Carolina Panthers,16,23.5,376,"1,011",373.2,5.9,22.2,77,185,42,9,19,47,92,818, 30:44,20,6,+1
12,Green Bay Packers,16,23.5,376,"1,026",369.1,5.8,20.8,75,204,37,10,20,50,108,937, 30:03,22,11,0
14,Philadelphia Eagles,16,22.9,367,"1,037",365.3,5.6,21.6,84,205,41,14,23,61,100,852, 32:39,29,12,-6
16,San Francisco 49ers,16,21.4,342,"1,003",360.6,5.8,21.5,73,193,38,5,10,50,112,982, 29:55,31,12,-25
18,Seattle Seahawks,16,26.8,428,"1,012",353.3,5.6,20.6,81,208,39,11,14,79,111,959, 31:28,18,4,+15
20,Minnesota Vikings,16,22.5,360,"1,003",345.6,5.5,19.4,73,204,36,9,21,43,92,779, 29:34,15,10,0
22,Dallas Cowboys,16,21.2,339,"1,022",343.8,5.4,20.1,89,215,41,12,21,57,104,885, 31:32,23,9,+3
24,Detroit Lions,16,20.2,324,"1,019",327.2,5.1,20.3,75,208,36,11,18,61,94,852, 31:24,14,7,-5
26,Cincinnati Bengals,16,23,368,938,310.8,5.3,19.0,69,187,37,9,17,53,114,957, 27:27,11,4,+1
28,Washington Redskins,16,17.6,281,967,299.7,5.0,17.5,75,206,36,10,18,56,115,"1,008", 29:38,18,4,+7
30,Buffalo Bills,16,16.8,269,"1,008",298.6,4.7,17.7,68,215,32,7,18,39,116,992, 30:29,23,9,-5
32,Arizona Cardinals,16,14.1,225,902,241.6,4.3,14.9,58,199,29,6,16,38,101,786, 26:33,23,10,-12
1,Dallas Cowboys,11,26.8,295,722,433.4,6.6,23.8,65,134,48,1,6,17,82,773, 29:28,9,4,-2
3,Kansas City Chiefs,11,28,308,674,396.1,6.5,21.8,58,128,45,5,8,62,78,738, 28:53,18,9,+5
5,Seattle Seahawks,11,26.5,292,718,385.4,5.9,21.8,54,135,40,3,6,50,83,664, 31:21,20,12,+9
7,Houston Texans,11,24.1,265,699,381.6,6.0,22.4,60,133,45,8,16,50,80,672, 30:22,16,6,0
9,Detroit Lions,11,23.6,260,719,378.5,5.8,20.9,62,150,41,3,8,38,87,696, 30:29,10,7,-1
11,Jacksonville Jaguars,11,19,209,716,370.1,5.7,19.3,53,151,35,5,13,38,89,793, 31:17,16,9,0
13,Los Angeles Rams,10,24.3,243,647,366.5,5.7,20.3,46,128,36,1,8,12,77,579, 28:32,14,7,-3
15,Oakland Raiders,11,20.7,228,668,356.8,5.9,19.1,65,141,46,8,12,67,92,814, 30:18,15,6,+1
17,New England Patriots,11,27.3,300,766,352.8,5.1,21.1,60,161,37,3,7,43,68,629, 32:16,8,4,+19
19,Carolina Panthers,11,23.5,259,724,347.0,5.3,20.3,44,140,31,8,16,50,62,552, 29:03,17,10,0
21,Green Bay Packers,11,23.5,258,682,341.6,5.5,20.4,43,128,34,1,6,17,73,539, 31:28,7,6,+8
23,Philadelphia Eagles,11,22.1,243,736,338.4,5.1,20.8,67,149,45,6,19,32,68,576, 32:08,22,13,-5
25,New York Giants,11,19.7,217,692,315.0,5.0,19.0,54,145,37,9,23,39,67,586, 28:36,24,15,-11
27,Denver Broncos,11,15.9,175,665,302.8,5.0,17.1,39,141,28,9,12,75,78,654, 29:09,14,5,-2
29,Chicago Bears,11,17.1,188,674,269.3,4.4,17.2,44,146,30,6,12,50,75,613, 29:20,5,4,+3
31,New York Jets,11,18,198,636,262.1,4.5,15.5,37,138,27,6,13,46,87,774, 28:42,14,7,-5
2,Baltimore Ravens,10,34.1,341,671,428.6,6.4,24.3,57,116,49,10,14,71,70,559, 34:36,11,4,+6
4,Tampa Bay Buccaneers,11,28.4,312,749,386.4,5.7,22.6,58,146,40,5,10,50,92,751, 30:51,16,7,-10
6,San Francisco 49ers,11,30.2,332,731,382.3,5.8,21.7,68,146,47,4,8,50,71,668, 33:07,11,7,+6
8,Minnesota Vikings,11,26.3,289,686,378.6,6.1,21.5,58,132,44,8,11,73,74,699, 30:01,23,9,+4
10,Atlanta Falcons,11,22,242,723,371.4,5.7,23.5,55,135,41,10,14,71,84,665, 29:54,16,7,-8
12,New Orleans Saints,11,24.7,272,698,368.9,5.8,20.9,61,139,44,3,9,33,86,699, 32:33,6,1,+8
14,Los Angeles Chargers,11,20.4,224,687,363.6,5.8,22.0,58,134,43,5,10,50,75,622, 30:58,13,6,-9
16,Cleveland Browns,11,21.2,233,685,354.2,5.7,19.3,44,133,33,4,13,31,94,892, 30:32,11,5,-3
18,Buffalo Bills,11,21,231,709,352.7,5.5,20.7,54,142,38,4,12,33,85,669, 30:39,16,4,0
20,Arizona Cardinals,11,22.5,248,692,343.9,5.5,19.5,51,140,36,8,11,73,94,730, 27:30,5,3,+4
22,Indianapolis Colts,11,22.2,244,721,339.5,5.2,22.2,64,144,44,10,16,62,59,510, 31:35,14,7,-2
24,Tennessee Titans,11,22.3,245,647,333.2,5.7,19.1,43,128,34,2,10,20,77,755, 28:31,18,6,+4
26,Cincinnati Bengals,11,14.3,157,698,303.2,4.8,18.3,55,151,36,8,19,42,65,525, 27:53,19,12,-12
28,Pittsburgh Steelers,11,19.6,216,654,288.5,4.9,16.9,46,135,34,2,11,18,81,696, 29:16,17,6,+10
30,Miami Dolphins,11,14.8,163,669,264.9,4.4,17.3,48,141,34,9,21,43,63,538, 27:28,18,7,-14
32,Washington Redskins,11,13.1,144,589,253.4,4.7,13.9,32,121,26,6,11,54,84,624, 26:34,15,6,0
